source_file,product,model_name,serial_number,option_bits,x_option_bits,test_reference,led_level,threshold0,threshold1,threshold2,threshold3,threshold4,threshold5,threshold6,threshold7,effective_slit_width,effective_slit_height,channel_width,divergence_milliradians,channel_depth,calibration_led_level_initial,calibration_led_level_last,calibration_led_level_alarm,calibration_date_last,calibration_date_next,result_format,test_mode,wait_time_s,test_number,CycleCount,last_download,time_stamp,source_drive,continous_mode_confirm_target_n,flush_time_s,test_sequence,sample_portions,pump_target_flow_ml_min,pump_flow_emptying_ml_min,sample_volume_ml,pump_flush_volume_ml,pump_flow_flushing_ml_min,cml4_online_flush_ml,cml4_online_flush_ml_min,cml4_online_sample_ml,cml4_online_sample_ml_min,cml4_offline_flush_ml,cml4_offline_flush_ml_min,cml4_offline_sample_ml,cml4_offline_sample_ml_min,cml4_pump_leakage_ml_min,threshold32_0_value,threshold32_1_value,threshold32_2_value,threshold32_3_value,threshold32_4_value,threshold32_5_value,threshold32_6_value,threshold32_7_value,threshold32_8_value,threshold32_9_value,threshold32_10_value,threshold32_11_value,threshold32_12_value,threshold32_13_value,threshold32_14_value,threshold32_15_value,threshold32_16_value,threshold32_17_value,threshold32_18_value,threshold32_19_value,threshold32_20_value,threshold32_21_value,threshold32_22_value,threshold32_23_value,threshold32_24_value,threshold32_25_value,threshold32_26_value,threshold32_27_value,threshold32_28_value,threshold32_29_value,threshold32_30_value,threshold32_31_value,threshold32_0_sz,threshold32_1_sz,threshold32_2_sz,threshold32_3_sz,threshold32_4_sz,threshold32_5_sz,threshold32_6_sz,threshold32_7_sz,threshold32_8_sz,threshold32_9_sz,threshold32_10_sz,threshold32_11_sz,threshold32_12_sz,threshold32_13_sz,threshold32_14_sz,threshold32_15_sz,threshold32_16_sz,threshold32_17_sz,threshold32_18_sz,threshold32_19_sz,threshold32_20_sz,threshold32_21_sz,threshold32_22_sz,threshold32_23_sz,threshold32_24_sz,threshold32_25_sz,threshold32_26_sz,threshold32_27_sz,threshold32_28_sz,threshold32_29_sz,threshold32_30_sz,threshold32_31_sz,verification_count_1_0,verification_count_1_1,verification_count_1_2,verification_count_1_3,verification_count_1_4,verification_count_1_5,verification_count_1_6,verification_count_1_7,verification_count_2_0,verification_count_2_1,verification_count_2_2,verification_count_2_3,verification_count_2_4,verification_count_2_5,verification_count_2_6,verification_count_2_7,verification_count_3_0,verification_count_3_1,verification_count_3_2,verification_count_3_3,verification_count_3_4,verification_count_3_5,verification_count_3_6,verification_count_3_7,reference_count_0,reference_count_1,reference_count_2,reference_count_3,reference_count_4,reference_count_5,reference_count_6,reference_count_7,verification_count32_1_0,verification_count32_1_1,verification_count32_1_2,verification_count32_1_3,verification_count32_1_4,verification_count32_1_5,verification_count32_1_6,verification_count32_1_7,verification_count32_1_8,verification_count32_1_9,verification_count32_1_10,verification_count32_1_11,verification_count32_1_12,verification_count32_1_13,verification_count32_1_14,verification_count32_1_15,verification_count32_1_16,verification_count32_1_17,verification_count32_1_18,verification_count32_1_19,verification_count32_1_20,verification_count32_1_21,verification_count32_1_22,verification_count32_1_23,verification_count32_1_24,verification_count32_1_25,verification_count32_1_26,verification_count32_1_27,verification_count32_1_28,verification_count32_1_29,verification_count32_1_30,verification_count32_1_31,verification_count32_2_0,verification_count32_2_1,verification_count32_2_2,verification_count32_2_3,verification_count32_2_4,verification_count32_2_5,verification_count32_2_6,verification_count32_2_7,verification_count32_2_8,verification_count32_2_9,verification_count32_2_10,verification_count32_2_11,verification_count32_2_12,verification_count32_2_13,verification_count32_2_14,verification_count32_2_15,verification_count32_2_16,verification_count32_2_17,verification_count32_2_18,verification_count32_2_19,verification_count32_2_20,verification_count32_2_21,verification_count32_2_22,verification_count32_2_23,verification_count32_2_24,verification_count32_2_25,verification_count32_2_26,verification_count32_2_27,verification_count32_2_28,verification_count32_2_29,verification_count32_2_30,verification_count32_2_31,verification_count32_3_0,verification_count32_3_1,verification_count32_3_2,verification_count32_3_3,verification_count32_3_4,verification_count32_3_5,verification_count32_3_6,verification_count32_3_7,verification_count32_3_8,verification_count32_3_9,verification_count32_3_10,verification_count32_3_11,verification_count32_3_12,verification_count32_3_13,verification_count32_3_14,verification_count32_3_15,verification_count32_3_16,verification_count32_3_17,verification_count32_3_18,verification_count32_3_19,verification_count32_3_20,verification_count32_3_21,verification_count32_3_22,verification_count32_3_23,verification_count32_3_24,verification_count32_3_25,verification_count32_3_26,verification_count32_3_27,verification_count32_3_28,verification_count32_3_29,verification_count32_3_30,verification_count32_3_31,reference_count32_0,reference_count32_1,reference_count32_2,reference_count32_3,reference_count32_4,reference_count32_5,reference_count32_6,reference_count32_7,reference_count32_8,reference_count32_9,reference_count32_10,reference_count32_11,reference_count32_12,reference_count32_13,reference_count32_14,reference_count32_15,reference_count32_16,reference_count32_17,reference_count32_18,reference_count32_19,reference_count32_20,reference_count32_21,reference_count32_22,reference_count32_23,reference_count32_24,reference_count32_25,reference_count32_26,reference_count32_27,reference_count32_28,reference_count32_29,reference_count32_30,reference_count32_31,pump_current_sampling,pump_current_emptying,no_noise_threshold,date_,serial_number_,meas_init_level,calc_init_volume,desired_concentration,calc_qty_add,meas_qty_add,meas_final_level,calc_volume,calc_concentration,rig_param_volume_mult,rig_param_volume_constant,rig_param_identifier,rig_cleanliness_count
63010045-2026-05-20-LPA3 NAVAIR.csv,LPA3 NAVAIR,LPA3 NAVAIR,63010045,1072,0,LPA3 NAVAIR #63010045 CALIBRATE,12917,74,182,1006,2014,2926,7358,12254,27888,60,300,750,200,500,12373,104.4,50,1779281839,1810817839,1,0,0,8,0,2147483648,0,0,0,30,0,1,30,150,40,20,100,90,50,50,50,40,20,40,20,0,74,120,182,248,330,422,518,622,750,876,1006,1146,1278,1406,1534,1662,1838,2014,2266,2462,2698,2926,3150,3438,3790,4094,4430,7358,12254,27888,27888,27888,4,5,6,7,8,9,10,11,12,13,14,15,16,17,18,19,20,21,22,23,24,25,26,27,28,29,30,38,50,70,70,70,1113188,482390,37393,11715,5505,534,117,0,1117253,484082,37366,11638,5766,610,87,11,1127555,486548,38378,11674,5710,564,105,11,1.11E+06,480388,37717.8,11138.5,5496.74,460.139,88.4012,18.1336,11131.9,7262.51,4823.91,3384.39,2298.56,1578.51,1127.21,829.047,610.237,469.783,373.937,303.328,252.735,216.579,188.582,163.99,136.052,117.152,91.562,77.8864,65.2086,55.0546,46.6614,38.1508,29.7576,24.2404,20.6601,5.34112,1.17387,0,0,0,11172.5,7301.42,4840.82,3387.88,2302.56,1587.68,1135.65,838.304,609.708,474.439,373.661,301.276,252.764,216.395,185.482,162.78,137.029,116.381,94.4419,80.9502,68.2211,57.6624,49.0981,41.5896,33.3186,27.1594,22.7599,6.10059,0.879893,0.117319,0.117319,0.117319,11275.6,7350.37,4865.49,3395.28,2314.27,1598.41,1145.35,846.823,621.325,482.547,383.782,307.872,259.341,220.857,191.891,166.685,138.483,116.744,93.0665,79.3768,67.3322,57.109,49.1772,40.5991,31.551,26.2043,20.5639,5.64039,1.05757,0.117508,0.117508,0.117508,11100.4,7198.17,4803.88,3362.53,2300.47,1582.04,1129,822.29,608.223,473.445,377.178,306.185,254.187,213.931,183.194,157.739,134.211,111.385,92.6172,77.113,65.6209,54.9674,44.6313,36.5392,29.6484,24.5483,21.0803,4.60139,0.884012,0.181336,0.181336,0.181336,20,221,33,46162.6,63010045,0,0,16,0,0,0,0,16,-1,0,303,0
63010046-2026-05-21-LPA3 NAVAIR.csv,LPA3 NAVAIR,LPA3 NAVAIR,63010046,1072,0,LPA3 NAVAIR #63010046 CALIBRATE,13349,74,184,1040,2146,3132,9322,15106,23024,60,300,750,200,500,13641,97.86,50,1779356770,1810892770,1,0,0,7,0,2147483648,0,0,0,30,0,1,30,150,40,20,100,90,50,50,50,40,20,40,20,0,74,122,184,252,336,434,534,646,770,898,1040,1184,1326,1472,1610,1756,1928,2146,2368,2618,2838,3132,3520,3862,4270,4626,5072,9322,15106,23024,23024,23024,4,5,6,7,8,9,10,11,12,13,14,15,16,17,18,19,20,21,22,23,24,25,26,27,28,29,30,38,50,70,70,70,1351669,557606,43532,11816,5682,298,67,6,1362105,562183,44620,12932,6225,396,85,18,1363347,563341,44382,12303,5727,341,73,6,1.37E+06,561616,43836.5,12180,5782.61,358.648,67.5375,11.6444,13516.7,8456.25,5576.06,3893.09,2669.96,1818.75,1302.58,954.312,716.831,556.357,435.33,346.923,286.318,237.785,202.483,171.205,145.232,118.161,99.8088,82.1274,69.8113,56.8246,44.6305,37.0701,30.4243,24.5711,19.6325,2.98756,0.670676,0.0609706,0.0609706,0.0609706,13621.1,8533.55,5621.84,3923.75,2688.89,1843.04,1326.47,972.3,721.215,561.433,446.205,363.201,299.972,254.992,218.311,188.467,158.439,129.327,107.111,88.8625,76.1679,62.2526,48.5204,39.1215,30.8822,26.2437,21.2391,3.96708,0.854448,0.183096,0.183096,0.183096,13633.5,8535.97,5633.41,3923.99,2682.38,1837.71,1325.25,976.31,725.791,563.195,443.827,359.995,293.382,246.611,210.587,181.219,151.789,123.031,101.966,83.3436,71.4373,57.272,42.7403,34.4975,27.4759,22.5302,16.8519,3.41922,0.732691,0.0610575,0.0610575,0.0610575,13663,8559.47,5616.16,3899.92,2667.9,1841.35,1320.31,960.034,716.34,556.206,438.365,351.777,291.343,243.252,207.177,176.459,147.977,121.8,100.654,82.978,70.4952,57.8261,45.4132,36.6333,29.4836,24.4998,19.7722,3.58648,0.675375,0.116444,0.116444,0.116444,43,295,32,46163.4,63010046,0,0,16,0,0,0,0,16,-1,0,303,0
63010047-2026-05-18-LPA3 NAVAIR.csv,LPA3 NAVAIR,LPA3 NAVAIR,63010047,1072,0,LPA3 NAVAIR #63010047 CALIBRATE,11356,72,174,966,1924,2694,5586,13132,23590,60,300,750,200,500,11401,99.61,50,1779118242,1810654242,1,0,0,8,0,2147483648,0,4095,0,30,0,1,30,150,50,20,100,90,50,50,50,40,20,40,20,0,72,116,174,234,312,398,494,602,724,842,966,1092,1216,1346,1466,1600,1748,1924,2126,2318,2514,2694,2942,3166,3394,3586,3760,5586,13132,23590,23590,23590,4,5,6,7,8,9,10,11,12,13,14,15,16,17,18,19,20,21,22,23,24,25,26,27,28,29,30,38,50,70,70,70,2165740,781980,49376,16237,10109,4480,2446,813,2168771,783622,49086,16597,10183,4516,2578,629,2192538,791975,49236,16753,10257,4593,2552,790,2.14E+06,764305,48893.8,16294.5,10098.6,4576.24,2637.77,791.844,21657.4,12884.7,7819.81,5198.13,3350.99,2247.59,1559.52,1107.93,805.948,624.571,493.766,404.468,338.807,286.073,250.076,215.675,187.351,162.374,139.921,124.162,110.824,101.091,89.504,81.3673,75.136,70.9646,67.3083,44.8035,24.4617,8.13673,8.13673,8.13673,21687.7,12943.8,7836.22,5207.86,3359.72,2254.03,1549.69,1097.75,803.85,620.187,490.869,402.905,337.112,286.581,251.158,219.241,190.109,165.978,143.445,125.45,111.889,101.835,90.4396,82.8084,75.3835,71.4648,67.0305,45.1682,25.781,6.29055,6.29055,6.29055,21925.4,13046,7919.75,5267.28,3397.9,2285.83,1576.74,1107.93,806.093,620.318,492.369,403.383,340.958,290.936,254.814,224.067,195.387,167.533,144.176,127.536,113.635,102.577,91.4148,83.6117,76.8938,71.9329,68.1089,45.9399,25.5279,7.90642,7.90642,7.90642,21379.3,12509,7643.05,5061.94,3303.89,2202.92,1526.41,1084.93,792.616,614.913,488.938,398.185,334.117,283.676,248.3,216.369,188.192,162.945,141.298,124.947,111.527,100.986,89.7766,81.7554,75.7908,70.8032,66.7412,45.7624,26.3777,7.91844,7.91844,7.91844,24,317,33,46160.7,63010047,0,0,16,0,0,0,0,16,-1,0,303,0
63010048-2026-05-21-LPA3 NAVAIR.csv,LPA3 NAVAIR,LPA3 NAVAIR,63010048,1072,0,LPA3 NAVAIR #63010048 CALIBRATE,11891,72,170,978,2082,3022,8530,11880,19026,60,300,750,200,500,12051,98.67,50,1779373601,1810909601,1,0,0,7,0,2147483648,0,4095,0,30,0,1,30,150,50,20,100,90,50,50,50,40,20,40,20,0,72,114,170,230,306,394,486,598,724,852,978,1120,1276,1398,1516,1700,1886,2082,2252,2502,2788,3022,3314,3670,4148,4572,5054,8530,11880,19026,19026,19026,4,5,6,7,8,9,10,11,12,13,14,15,16,17,18,19,20,21,22,23,24,25,26,27,28,29,30,38,50,70,70,70,1016115,447389,35577,10107,5001,371,101,13,1018538,446506,35436,10024,4968,371,142,27,1019116,448199,35509,10146,4875,344,82,4,1.02E+06,444860,35250,10150,5060,400,130,20,10161.2,6704.25,4473.9,3139.15,2151.09,1481.29,1074.72,775.11,573.961,441.057,355.775,289.323,234.443,200.735,174.926,143.1,119.311,101.079,87.0724,72.6981,58.7371,50.0115,41.9748,33.7084,26.3605,21.6763,17.3134,3.71987,1.01033,0.137773,0.137773,0.137773,10185.4,6699.87,4465.07,3137.95,2142.14,1481.64,1063.36,757.533,563.753,436.923,354.36,283.92,230.47,197.821,172.657,142.167,119.253,100.242,88.5786,72.6905,58.8687,49.6848,41.5571,33.062,25.2557,19.6535,15.934,3.71947,1.4235,0.275517,0.275517,0.275517,10191.2,6697.19,4482,3144.95,2159.08,1482.36,1068.9,776.816,571.583,442.175,355.091,285.746,232.622,200.913,175.73,145.446,121.182,101.468,86.6704,69.7591,56.662,48.7578,41.4051,33.5009,26.7456,21.4608,17.187,3.44659,0.827183,0.0459546,0.0459546,0.0459546,10222.4,6648.9,4448.6,3127.4,2142.2,1483.5,1067.4,764.6,566.3,438.9,352.5,285.3,231.3,200.3,174.1,143.6,121.2,101.5,88.6,73,59.5,50.6,41.7,34,26.4,21.5,16.7,4,1.3,0.2,0.2,0.2,39,273,31,46163.6,63010048,0,0,16,0,0,0,0,16,-1,0,303,0
63010049-2026-05-20-LPA3 NAVAIR.csv,LPA3 NAVAIR,LPA3 NAVAIR,63010049,1072,0,LPA3 NAVAIR #63010049 CALIBRATE,12394,64,164,982,2072,2996,8818,14440,28990,60,300,750,200,500,12636,98.08,50,1779285451,1810821451,1,0,0,24,0,2147483648,0,4095,0,30,0,1,30,150,50,20,100,90,50,50,50,40,20,40,20,0,64,108,164,226,306,400,494,606,730,856,982,1122,1246,1382,1528,1668,1838,2072,2282,2518,2746,2996,3356,3654,4004,4336,4684,8818,14440,28990,28990,28990,4,5,6,7,8,9,10,11,12,13,14,15,16,17,18,19,20,21,22,23,24,25,26,27,28,29,30,38,50,70,70,70,1188324,502206,38101,10562,5342,392,89,4,1193614,503502,38089,11359,5835,359,33,9,1199000,505329,38422,11388,5930,453,47,0,1.18E+06,501618,38258.4,10950.3,5531.48,394.301,78.8601,10.962,11883.2,7489.48,5022.07,3528.98,2397.78,1635.46,1175.32,840.499,618.53,475.447,381.019,305.911,256.028,214.506,179.078,154.845,131.462,105.623,88.7123,72.9349,62.5899,53.4258,43.8365,36.5619,30.3738,25.5556,21.7293,3.92072,0.897515,0.0472376,0.0472376,0.0472376,11936.1,7527.96,5035.02,3533.84,2405.34,1631.78,1166.02,836.162,620.648,477.429,380.894,308.647,261.679,220.759,187.919,161.128,138.211,113.593,96.96,81.6505,68.0421,58.3556,45.8812,37.6594,31.6585,25.9411,21.3104,3.59111,0.33076,0.0945029,0.0945029,0.0945029,11990,7575.69,5053.29,3558.21,2418.1,1638.78,1184.15,849.351,626.783,481.239,384.226,309.989,262.215,224.364,190.483,164.682,140.204,113.883,96.3045,80.9468,69.6058,59.3043,47.4907,40.5443,34.4485,29.4395,24.2415,4.53643,0.472544,0,0,0,11813.2,7564.6,5016.18,3528.2,2407.15,1633.19,1169.05,840.311,619.052,479.132,382.584,309.808,260.464,220.696,186.786,160.762,135.639,109.503,92.6043,77.8462,66.0172,55.3148,44.1617,37.2896,30.3048,25.4606,21.0669,3.94301,0.788601,0.10962,0.10962,0.10962,18,252,34,46162.6,63010049,0,0,16,0,0,0,0,16,-1,0,303,0
63010050-2026-05-20-LPA3 NAVAIR.csv,LPA3 NAVAIR,LPA3 NAVAIR,63010050,1072,0,LPA3 NAVAIR #63010050 CALIBRATE,13852,74,180,1030,2164,3212,8818,13828,21504,60,300,750,200,500,14123,98.08,50,1779287251,1810823251,1,0,0,10,0,2147483648,0,0,0,30,0,1,30,150,40,20,100,90,50,50,50,40,20,40,20,0,74,120,180,244,326,418,516,636,762,894,1030,1170,1318,1486,1624,1782,1964,2164,2416,2640,2902,3212,3534,3918,4290,4626,4832,8818,13828,21504,21504,21504,4,5,6,7,8,9,10,11,12,13,14,15,16,17,18,19,20,21,22,23,24,25,26,27,28,29,30,38,50,70,70,70,1241182,517275,39847,11326,5102,481,96,12,1234843,511116,39558,11230,5247,409,48,12,1237749,516493,40623,11526,5038,385,66,18,1.22E+06,515433,39407.9,11030.1,5153.43,440.754,101.712,22.6027,12411.8,7893.06,5172.75,3597.09,2433.11,1683.02,1216.1,875.159,653.99,503.671,398.479,324.495,266.295,219.724,188.335,162.428,134.714,113.266,91.4561,77.5991,64.5856,51.0299,42.0529,33.6183,27.473,23.0749,20.906,4.81982,0.963964,0.120496,0.120496,0.120496,12348.4,7824.32,5111.16,3574.21,2421.8,1666.19,1198.19,859.542,641.75,495.47,395.581,322.02,263.821,214.479,186.524,158.148,134.351,112.3,91.756,76.9352,64.3437,52.475,43.9802,34.5215,27.2918,22.5926,19.761,4.09679,0.481975,0.120494,0.120494,0.120494,12377.5,7855.66,5164.94,3619.01,2455.79,1700.32,1236.53,885.13,664.164,511.094,406.239,331.781,270.144,217.716,186.356,158.667,134.169,115.269,93.1779,77.2871,61.9982,50.3811,41.9542,33.2262,26.6653,22.6926,21.0072,3.85232,0.662117,0.180577,0.180577,0.180577,12208,7808.34,5154.33,3578.24,2439.74,1677.8,1206.53,865.911,646.664,497.825,394.079,319.829,263.322,215.743,184.325,156.524,131.322,110.301,91.0891,76.6233,63.5137,51.5343,42.7192,34.6952,28.5925,24.298,21.3596,4.40754,1.01712,0.226027,0.226027,0.226027,26,284,46,46162.6,63010050,0,0,16,0,0,0,0,16,-1,0,303,0
63010051-2026-05-20-LPA3 NAVAIR.csv,LPA3 NAVAIR,LPA3 NAVAIR,63010051,1072,0,LPA3 NAVAIR #63010051 CALIBRATE,12920,78,186,1056,2204,3238,8174,12780,18446,60,300,750,200,500,13123,98.45,50,1779287269,1810823269,1,0,0,11,0,2147483648,0,0,0,30,0,1,30,150,40,20,100,90,50,50,50,40,20,40,20,0,78,124,186,254,336,432,530,650,780,914,1056,1198,1348,1516,1664,1822,2010,2204,2438,2672,2938,3238,3530,3876,4240,4558,4802,8174,12780,18446,18446,18446,4,5,6,7,8,9,10,11,12,13,14,15,16,17,18,19,20,21,22,23,24,25,26,27,28,29,30,38,50,70,70,70,1203122,511959,39597,11630,5386,625,172,41,1198586,509513,38877,11054,5190,529,77,17,1209719,516122,39779,11502,5408,476,89,35,1.22E+06,515433,39407.9,11030.1,5153.43,440.754,101.712,22.6027,12031.2,7770.98,5119.6,3534.55,2418.95,1664.35,1204.92,862.085,644.255,501.378,395.979,325.136,268.951,222.716,190.303,162.896,136.561,116.303,97.237,81.4479,66.5525,53.8617,44.0903,36.4043,30.1482,26.0967,23.058,6.25606,1.72786,0.41707,0.41707,0.41707,11985.9,7742.21,5095.14,3534.39,2420.69,1663.32,1210.37,867.435,636.29,489.971,388.774,314.662,260.016,212.811,181.618,156.081,130.841,110.543,89.827,74.5285,63.3373,51.908,44.348,35.4784,28.6327,24.8825,22.5014,5.29795,0.773858,0.178583,0.178583,0.178583,12097.2,7843.96,5161.22,3565.71,2439.88,1668.9,1201.77,866.528,645.771,500.426,397.791,323.273,264.956,219.863,187.161,159.641,135.039,115.025,94.474,79.1651,65.6433,54.0872,46.1648,37.8849,31.0942,26.5075,23.4696,4.7654,0.893512,0.357405,0.357405,0.357405,12208,7808.34,5154.33,3578.24,2439.74,1677.8,1206.53,865.911,646.664,497.825,394.079,319.829,263.322,215.743,184.325,156.524,131.322,110.301,91.0891,76.6233,63.5137,51.5343,42.7192,34.6952,28.5925,24.298,21.3596,4.40754,1.01712,0.226027,0.226027,0.226027,29,262,37,46162.6,63010051,0,0,16,0,0,0,0,16,-1,0,303,0
63010052-2026-05-20-LPA3 NAVAIR.csv,LPA3 NAVAIR,LPA3 NAVAIR,63010052,1072,0,LPA3 NAVAIR #63010052 CALIBRATE,9295,50,140,982,2144,3208,10692,16040,20590,60,300,750,200,500,9538,97.45,50,1779290762,1810826762,1,0,0,6,0,2147483648,0,0,0,30,0,1,30,150,40,20,100,90,50,50,50,40,20,40,20,0,50,86,140,206,294,392,494,610,732,852,982,1116,1262,1408,1562,1724,1912,2144,2394,2658,2908,3208,3634,4028,4522,4792,5324,10692,16040,20590,20590,20590,4,5,6,7,8,9,10,11,12,13,14,15,16,17,18,19,20,21,22,23,24,25,26,27,28,29,30,38,50,70,70,70,1366436,555856,42126,11267,5451,370,64,11,1393315,564566,41804,11633,5872,381,70,23,1403860,561172,40766,11240,5673,310,64,17,1.28E+06,528471,40866.8,11621.2,5776.63,373.782,101.941,33.9802,13664.4,8564.26,5558.57,3802.94,2549.7,1747.11,1247.89,895.351,671.058,525.837,421.269,343.783,281.688,234.339,194.567,164.196,137.877,112.675,94.6401,78.7787,66.6769,54.5165,43.9422,35.6589,28.3744,25.1434,19.915,3.70101,0.646208,0.117492,0.117492,0.117492,13933.2,8692.97,5645.66,3852.07,2585.33,1774.77,1255.65,902.548,672.467,527.919,418.041,342.071,277.364,231.371,196.466,168.014,141.263,116.331,95.7399,80.2526,68.7544,58.7228,46.99,39.5983,30.8574,26.9269,21.8231,3.81317,0.70397,0.234657,0.234657,0.234657,14038.6,8697.4,5611.73,3835.25,2552.6,1746.41,1239.58,888.881,660.961,515.735,407.665,330.246,269.999,228.506,192.58,163.453,136.904,112.407,94.2975,79.3529,68.1591,56.7309,45.1854,35.867,27.838,24.9663,20.7466,3.10613,0.644669,0.175819,0.175819,0.175819,12766.4,8065.88,5284.71,3655.93,2480.33,1699.92,1209.47,871.705,652.873,514.573,408.668,334.365,274.786,231.518,196.405,168.542,141.358,116.212,96.7303,81.0994,68.9798,57.7663,45.4202,37.3782,29.676,26.0515,21.0677,3.73782,1.01941,0.339802,0.339802,0.339802,31,259,0,46162.7,63010052,0,0,16,0,0,0,0,16,-1,0,303,0
63010053-2026-05-21-LPA3 NAVAIR.csv,LPA3 NAVAIR,LPA3 NAVAIR,63010053,1072,0,LPA3 NAVAIR #63010053 CALIBRATE,8735,74,174,1010,2160,3232,10266,16808,29358,60,300,750,200,500,14710,59.38,50,1779363393,1810899393,1,0,0,9,0,2147483648,0,0,0,30,0,1,30,150,40,20,100,90,50,50,50,40,20,40,20,0,74,118,174,236,314,406,504,618,744,874,1010,1156,1300,1452,1606,1762,1946,2160,2426,2698,2962,3232,3616,4006,4360,4746,5196,10266,16808,29358,29358,29358,4,5,6,7,8,9,10,11,12,13,14,15,16,17,18,19,20,21,22,23,24,25,26,27,28,29,30,38,50,70,70,70,1426466,584860,45068,12135,5402,217,23,0,1433580,585192,45154,12069,5542,270,47,5,1435990,586941,45450,12045,5528,282,88,0,1.44E+06,580918,45127,12148.9,5521.39,288.869,51.6676,4.69706,14264.7,8895.58,5848.6,4052.4,2760.37,1899.26,1368.53,994.532,739.293,569.506,450.685,363.761,296.67,245.234,206.333,173.377,145.128,121.352,96.1634,77.6251,65.9725,54.0257,44.1386,36.1348,30.4851,25.3062,20.1272,2.17751,0.235406,0,0,0,14335.8,8925.65,5851.93,4047.68,2764.07,1900.79,1363.07,986.974,740.407,571.474,451.548,360.661,293.689,244.682,205.806,172.762,144.724,120.692,98.9566,80.4022,65.8532,55.4275,43.2346,34.8704,29.1568,24.3268,19.0845,2.70952,0.471222,0.0589027,0.0589027,0.0589027,14359.9,8963.43,5869.41,4054.79,2778.1,1905.17,1374.66,996.918,742.935,575.261,454.509,365.138,298.139,244.917,206.766,175.387,145.243,120.457,95.1997,78.4205,65.4093,55.283,43.9791,35.3834,29.5549,23.9618,19.4874,2.82597,0.883114,0,0,0,14432.6,8918.96,5809.18,4032.14,2755.34,1898.79,1365.15,994.955,740.374,573.393,451.27,362.519,296.408,245.163,206.483,175.341,147.088,121.489,98.2625,80.7424,66.5338,55.2139,43.6122,35.3219,29.0983,23.8845,19.1405,2.88869,0.516676,0.0469706,0.0469706,0.0469706,25,280,36,46163.5,63010053,0,0,16,0,0,0,0,16,-1,0,303,0
63010054-2026-05-21-LPA3 NAVAIR.csv,LPA3 NAVAIR,LPA3 NAVAIR,63010054,1072,0,LPA3 NAVAIR #63010054 CALIBRATE,10874,74,184,1052,2200,3224,9736,16410,23448,60,300,750,200,500,11102,97.95,50,1779356791,1810892791,1,0,0,8,0,2147483648,0,0,0,30,0,1,30,150,40,20,100,90,50,50,50,40,20,40,20,0,74,122,184,252,338,434,538,656,784,914,1052,1200,1346,1496,1642,1796,1982,2200,2434,2682,2914,3224,3624,3992,4408,4806,5300,9736,16410,23448,23448,23448,4,5,6,7,8,9,10,11,12,13,14,15,16,17,18,19,20,21,22,23,24,25,26,27,28,29,30,38,50,70,70,70,1371556,556635,43358,11587,5349,303,71,11,1383540,561360,43596,11593,5519,298,35,5,1374693,559824,43346,12087,5736,309,29,11,1.37E+06,561616,43836.5,12180,5782.61,358.648,67.5375,11.6444,13715.6,8500.7,5566.35,3881.58,2634.21,1835.91,1305.46,943.781,701.491,545.882,433.584,346.665,285.005,237.286,199.098,171.098,142.443,115.873,95.3194,78.7576,65.7108,53.498,41.4639,33.0639,25.8554,21.2681,16.8,3.0383,0.714895,0.119149,0.119149,0.119149,13835.4,8579.02,5613.61,3917.45,2664.05,1863.35,1331.9,957.457,711.998,549.809,435.961,350.843,286.945,238.425,201.589,170.653,142.757,115.934,97.4564,80.8858,68.0108,55.1955,42.3205,34.5121,27.4189,22.7696,17.5839,2.98032,0.357638,0.0596063,0.0596063,0.0596063,13746.9,8510.83,5598.25,3912.12,2682.93,1872.12,1325.11,961.945,712.091,550.942,433.462,350.237,288.339,240.203,203.863,174.195,145.957,120.876,100.74,83.7614,70.7742,57.37,44.4424,35.8637,27.4041,22.102,18.051,3.09786,0.297871,0.119148,0.119148,0.119148,13663,8559.47,5616.16,3899.92,2667.9,1841.35,1320.31,960.034,716.34,556.206,438.365,351.777,291.343,243.252,207.177,176.459,147.977,121.8,100.654,82.978,70.4952,57.8261,45.4132,36.6333,29.4836,24.4998,19.7722,3.58648,0.675375,0.116444,0.116444,0.116444,25,261,34,46163.4,63010054,0,0,16,0,0,0,0,16,-1,0,303,0
63010055-2026-05-20-LPA3 NAVAIR.csv,LPA3 NAVAIR,LPA3 NAVAIR,63010055,1072,0,LPA3 NAVAIR #63010055 CALIBRATE,11566,74,174,1024,2182,3280,8748,13158,17878,60,300,750,200,500,11714,98.74,50,1779287177,1810823177,1,0,0,13,0,2147483648,0,0,0,30,0,1,30,150,40,20,100,90,50,50,50,40,20,40,20,0,74,118,174,238,316,408,504,622,750,882,1024,1168,1318,1480,1622,1786,1972,2182,2442,2694,2962,3280,3602,3972,4324,4664,4908,8748,13158,17878,17878,17878,4,5,6,7,8,9,10,11,12,13,14,15,16,17,18,19,20,21,22,23,24,25,26,27,28,29,30,38,50,70,70,70,1198608,514490,38207,10581,4796,484,124,41,1198925,516082,39367,11015,5179,461,112,53,1204344,516626,38947,11166,5181,496,112,47,1.22E+06,515433,39407.9,11030.1,5153.43,440.754,101.712,22.6027,11986.1,7715.23,5144.91,3548.11,2413,1648.37,1185.03,850.564,629.125,486.113,382.077,310.748,254.087,211.266,179.209,150.406,125.565,105.81,86.6474,72.0978,60.6236,47.9666,40.5143,33.5352,28.3896,24.0129,21.0556,4.84989,1.24204,0.414015,0.414015,0.414015,11989.3,7725.65,5160.82,3545.78,2429.54,1661.11,1209.89,872.505,651.304,500.289,393.68,317.344,259.93,215.465,183.713,156.928,131.739,110.157,90.2897,75.5666,62.9131,51.7968,43.5188,34.9451,28.7957,24.1246,21.6411,4.61205,1.12345,0.532159,0.532159,0.532159,12043.4,7732.45,5166.27,3556.87,2420.07,1651.82,1195.41,856.397,642.106,494.696,389.47,316.504,263.27,216.891,185.518,157.868,134.767,111.665,92.7591,76.9842,64.1633,51.8151,44.0163,36.1583,30.1319,25.4644,22.1558,4.96291,1.12256,0.472658,0.472658,0.472658,12208,7808.34,5154.33,3578.24,2439.74,1677.8,1206.53,865.911,646.664,497.825,394.079,319.829,263.322,215.743,184.325,156.524,131.322,110.301,91.0891,76.6233,63.5137,51.5343,42.7192,34.6952,28.5925,24.298,21.3596,4.40754,1.01712,0.226027,0.226027,0.226027,45,306,37,46162.6,63010055,0,0,16,0,0,0,0,16,-1,0,303,0
63010056-2026-05-21-LPA3 NAVAIR.csv,LPA3 NAVAIR,LPA3 NAVAIR,63010056,1072,0,LPA3 NAVAIR #63010056 CALIBRATE,11604,68,168,992,2156,3170,11246,20092,31392,60,300,750,200,500,11813,98.23,50,1779359717,1810895717,1,0,0,10,0,2147483648,0,0,0,30,0,1,30,150,50,20,100,90,50,50,50,40,20,40,20,0,68,112,168,230,308,400,496,608,736,862,992,1130,1276,1414,1562,1726,1926,2156,2402,2636,2934,3170,3490,3814,4136,4516,5092,11246,20092,31392,31392,31392,4,5,6,7,8,9,10,11,12,13,14,15,16,17,18,19,20,21,22,23,24,25,26,27,28,29,30,38,50,70,70,70,1439303,579736,45812,11832,5356,272,33,14,1450837,585085,46258,12051,5413,157,9,0,1445704,581994,46449,12018,5722,119,23,9,1.42E+06,580231,45814.7,11873.6,5545.63,184.087,34.5164,4.43293,14393,8865.8,5797.36,4022.38,2743.79,1887.9,1370.61,997.561,736.238,571.476,458.128,368.884,299.823,250.801,211.153,176.527,144.148,118.322,96.7048,80.2047,63.6568,53.5655,44.1915,37.0176,30.7045,25.6349,19.1305,2.7261,0.334784,0.143479,0.143479,0.143479,14508.4,8948.51,5850.86,4053.57,2762.48,1905.94,1372.29,1001.87,744.681,579.313,462.58,374.636,308.068,259.959,218.641,181.819,148.439,120.511,99.039,81.7275,64.3682,54.1343,43.1353,35.7229,29.0757,23.0501,17.5506,1.57812,0.0956436,0,0,0,14457,8900.95,5819.94,4048.67,2784.28,1915.7,1388.96,1013.05,750.397,581.818,464.499,372.191,303.748,255.78,215.115,180.082,146.958,120.182,99.2288,82.81,66.4866,57.2272,45.8199,37.2287,30.833,25.2964,18.1371,1.19323,0.238645,0.0954582,0.0954582,0.0954582,14152.7,8832.85,5802.31,4023.69,2753.25,1901.05,1368.92,999.364,742.562,575.733,458.147,369.9,302.133,252.775,213.541,178.795,146.579,118.736,96.7609,80.4231,65.1209,55.4563,45.1014,37.1626,31.1798,25.7722,19.6743,1.84087,0.345164,0.0443293,0.0443293,0.0443293,37,328,32,46163.5,63010056,0,0,16,0,0,0,0,16,-1,0,303,0
63010057-2026-05-20-LPA3 NAVAIR.csv,LPA3 NAVAIR,LPA3 NAVAIR,63010057,1072,0,LPA3 NAVAIR #63010057 CALIBRATE,13738,74,184,1020,2080,2938,8336,12002,16328,60,300,750,200,500,14045,97.81,50,1779290763,1810826763,1,0,0,7,0,2147483648,0,0,0,30,0,1,30,150,40,20,100,90,50,50,50,40,20,40,20,0,74,122,184,254,340,436,536,652,776,892,1020,1150,1290,1426,1564,1702,1868,2080,2288,2494,2692,2938,3278,3578,3968,4184,4520,8336,12002,16328,16328,16328,4,5,6,7,8,9,10,11,12,13,14,15,16,17,18,19,20,21,22,23,24,25,26,27,28,29,30,38,50,70,70,70,1271433,533019,40601,11595,6022,431,115,36,1275112,534253,41943,11533,5696,455,91,30,1278181,533405,41632,11823,5820,401,121,48,1.28E+06,528471,40866.8,11621.2,5776.63,373.782,101.941,33.9802,12714.3,8051.6,5330.19,3665.79,2466.47,1676.8,1200.72,862.224,642.414,507.684,406.013,332.662,272.742,229.108,194.954,167.911,143.056,115.952,96.748,82.649,70.9809,60.2244,48.7386,39.5621,31.7834,28.1371,23.0323,4.31477,1.15466,0.364628,0.364628,0.364628,12751.1,8076.14,5342.53,3682.35,2488.24,1711.86,1219.22,880.887,661.653,523.826,419.438,342.408,281.551,234.737,199.353,170.049,142.508,115.332,95.9984,81.2247,68.8221,56.9667,44.6858,37.9373,30.5201,27.1762,22.5557,4.55977,0.911954,0.303985,0.303985,0.303985,12781.8,8100.14,5334.06,3663.69,2485.2,1701.87,1218.7,877.241,649.035,517.659,416.329,339.145,279.479,237.329,201.261,172.979,143.602,118.239,97.3766,82.1102,70.3714,58.207,47.1373,39.4737,31.141,26.8835,22.8692,4.01427,1.21645,0.486579,0.486579,0.486579,12766.4,8065.88,5284.71,3655.93,2480.33,1699.92,1209.47,871.705,652.873,514.573,408.668,334.365,274.786,231.518,196.405,168.542,141.358,116.212,96.7303,81.0994,68.9798,57.7663,45.4202,37.3782,29.676,26.0515,21.0677,3.73782,1.01941,0.339802,0.339802,0.339802,22,257,39,46162.7,63010057,0,0,16,0,0,0,0,16,-1,0,303,0
63010058-2026-05-20-LPA3 NAVAIR.csv,LPA3 NAVAIR,LPA3 NAVAIR,63010058,1072,0,LPA3 NAVAIR #63010058 CALIBRATE,12999,74,192,1076,2194,3098,8716,12190,15984,60,300,750,200,500,13304,97.71,50,1779291174,1810827174,1,0,0,7,0,2147483648,0,0,0,30,0,1,30,150,40,20,100,90,50,50,50,40,20,40,20,0,74,124,192,266,358,460,568,690,818,940,1076,1218,1368,1510,1660,1808,1980,2194,2420,2640,2858,3098,3472,3842,4252,4516,4918,8716,12190,15984,15984,15984,4,5,6,7,8,9,10,11,12,13,14,15,16,17,18,19,20,21,22,23,24,25,26,27,28,29,30,38,50,70,70,70,1292710,526094,40462,11421,5992,340,121,42,1300181,531858,41286,11896,5996,424,139,60,1312552,533935,40697,11463,5783,321,91,30,1.28E+06,528471,40866.8,11621.2,5776.63,373.782,101.941,33.9802,12927.1,8103.39,5260.95,3657.88,2470.18,1700.95,1209.31,870.146,649.072,511.425,404.623,329.576,271.044,229.877,191.807,163.756,138.133,114.21,95.8733,81.2403,70.3718,59.9284,46.8741,36.4913,29.3874,25.6229,20.9476,3.40019,1.21435,0.425024,0.425024,0.425024,13001.8,8165.59,5318.59,3686.8,2499.69,1725.86,1223.23,880.716,657.35,517.322,412.862,333.834,271.377,231.984,197.873,168.677,143.185,118.966,99.7254,83.7621,71.1977,59.9688,46.8582,37.268,29.1953,25.25,19.0589,4.2488,1.39603,0.606971,0.606971,0.606971,13125.5,8212.7,5339.36,3703.81,2524.09,1732.32,1223.22,879.13,653.5,515.048,406.972,329.453,270.282,228.12,193.614,165.668,139.302,114.637,95.6223,80.9205,68.9525,57.8351,45.5026,35.9039,27.6418,24.3612,19.2581,3.21981,0.911267,0.303756,0.303756,0.303756,12766.4,8065.88,5284.71,3655.93,2480.33,1699.92,1209.47,871.705,652.873,514.573,408.668,334.365,274.786,231.518,196.405,168.542,141.358,116.212,96.7303,81.0994,68.9798,57.7663,45.4202,37.3782,29.676,26.0515,21.0677,3.73782,1.01941,0.339802,0.339802,0.339802,40,290,37,46162.7,63010058,0,0,16,0,0,0,0,16,-1,0,303,0
63010059-2026-05-20-LPA3 NAVAIR.csv,LPA3 NAVAIR,LPA3 NAVAIR,63010059,1072,0,LPA3 NAVAIR #63010059 CALIBRATE,12311,72,176,1002,2036,2900,8260,13176,16046,60,300,750,200,500,12507,98.43,50,1779284823,1810820823,1,0,0,6,0,2147483648,0,0,0,30,0,1,30,150,40,20,100,90,50,50,50,40,20,40,20,0,72,116,176,238,318,410,508,618,742,872,1002,1134,1256,1396,1520,1662,1818,2036,2232,2466,2656,2900,3268,3660,4038,4530,4930,8260,13176,16046,16046,16046,4,5,6,7,8,9,10,11,12,13,14,15,16,17,18,19,20,21,22,23,24,25,26,27,28,29,30,38,50,70,70,70,1177397,496450,37139,11505,5924,397,89,35,1183501,498600,38771,11971,6116,546,118,35,1182262,499865,39019,11519,5979,487,118,65,1.18E+06,501618,38258.4,10950.3,5531.48,394.301,78.8601,10.962,11774,7605.27,4964.51,3482.39,2361.8,1621.87,1157.39,834.918,615.087,466.495,371.391,304.011,257.469,216.922,188.961,163.315,140.696,115.051,98.6656,80.5591,69.5765,59.2469,45.7709,35.7974,29.0891,22.2027,18.7595,3.97749,0.890484,0.356194,0.356194,0.356194,11835,7612.21,4986.01,3511.14,2391.34,1639.95,1175.15,848.48,628.699,484.574,387.719,316.814,268.06,228.035,199.055,169.779,145.788,119.718,99.3496,82.247,71.5578,61.1656,48.1605,37.5901,30.7016,24.0506,19.478,5.46334,1.18768,0.356305,0.356305,0.356305,11822.6,7663.98,4998.65,3510.28,2387.41,1638.43,1171.66,848.817,628.074,484.741,390.196,314.454,265.307,222.111,193.551,166.3,144.167,115.191,97.4598,82.2875,72.2916,59.7968,47.5994,37.068,30.2851,23.7997,19.9323,4.87894,1.18999,0.654492,0.654492,0.654492,11813.2,7564.6,5016.18,3528.2,2407.15,1633.19,1169.05,840.311,619.052,479.132,382.584,309.808,260.464,220.696,186.786,160.762,135.639,109.503,92.6043,77.8462,66.0172,55.3148,44.1617,37.2896,30.3048,25.4606,21.0669,3.94301,0.788601,0.10962,0.10962,0.10962,27,312,30,46162.6,63010059,0,0,16,0,0,0,0,16,-1,0,303,0
63010060-2026-05-20-LPA3 NAVAIR.csv,LPA3 NAVAIR,LPA3 NAVAIR,63010060,1072,0,LPA3 NAVAIR #63010060 CALIBRATE,8137,58,134,812,1798,2726,8428,14338,31204,60,300,750,200,500,8255,98.57,50,1779281545,1810817545,1,0,0,15,0,2147483648,0,0,0,30,0,1,30,150,40,20,100,90,50,50,50,40,20,40,20,0,58,90,134,182,246,316,396,484,594,704,812,936,1050,1170,1304,1426,1600,1798,2038,2250,2508,2726,2976,3296,3686,4030,4408,8428,14338,31204,31204,31204,4,5,6,7,8,9,10,11,12,13,14,15,16,17,18,19,20,21,22,23,24,25,26,27,28,29,30,38,50,70,70,70,1107725,487502,37954,11379,5524,405,68,5,1105326,485547,38308,11141,5527,541,136,11,1114791,488432,38293,11582,5742,479,91,5,1.11E+06,480388,37717.8,11138.5,5496.74,460.139,88.4012,18.1336,11077.3,7341.33,4875.03,3404.25,2287,1591.36,1129.52,825.126,605.819,469.087,379.55,308.331,262.278,222.103,189.575,164.751,135.933,113.791,92.1055,77.7247,63.7434,55.2405,47.0229,39.433,32.6421,26.4218,21.3429,4.05173,0.684799,0.0570666,0.0570666,0.0570666,11053.3,7313.98,4855.47,3389.03,2284.18,1585.32,1121.77,826.684,607.333,473.58,383.081,311.275,260.212,220.149,187.323,163.103,135.52,111.414,91.7525,77.3342,63.9988,55.2795,45.9902,38.0117,31.0591,26.101,21.8268,5.41397,1.36774,0.113978,0.113978,0.113978,11147.9,7371.52,4884.33,3406.18,2284.85,1583.42,1131.59,828.606,609.679,472.642,382.938,310,259.873,219.612,187.392,164.41,138.405,115.822,94.4942,79.7241,67.4633,57.4265,48.7583,41.0596,32.6196,28.0004,23.2101,4.79029,0.912436,0.0570273,0.0570273,0.0570273,11100.4,7198.17,4803.88,3362.53,2300.47,1582.04,1129,822.29,608.223,473.445,377.178,306.185,254.187,213.931,183.194,157.739,134.211,111.385,92.6172,77.113,65.6209,54.9674,44.6313,36.5392,29.6484,24.5483,21.0803,4.60139,0.884012,0.181336,0.181336,0.181336,35,298,39,46162.6,63010060,0,0,16,0,0,0,0,16,-1,0,303,0
63010061-2026-05-20-LPA3 NAVAIR.csv,LPA3 NAVAIR,LPA3 NAVAIR,63010061,1072,0,LPA3 NAVAIR #63010061 CALIBRATE,11127,70,172,978,1980,2906,7688,12712,25992,60,300,750,200,500,11124,100.03,50,1779281543,1810817543,1,0,0,9,0,2147483648,0,0,0,30,0,1,30,150,40,20,100,90,50,50,50,40,20,40,20,0,70,114,172,234,312,402,498,604,734,858,978,1114,1240,1364,1496,1622,1800,1980,2232,2442,2686,2906,3120,3394,3744,4016,4346,7688,12712,25992,25992,25992,4,5,6,7,8,9,10,11,12,13,14,15,16,17,18,19,20,21,22,23,24,25,26,27,28,29,30,38,50,70,70,70,1144076,489012,38294,11542,5747,492,64,5,1138657,487740,38281,11418,5545,514,64,0,1139267,488615,38570,11152,5392,455,64,5,1.11E+06,480388,37717.8,11138.5,5496.74,460.139,88.4012,18.1336,11440.8,7383.61,4890.13,3427.59,2339.51,1607.02,1149.43,844.404,615.433,476.984,382.947,308.478,256.098,220.124,189.774,164.639,137.98,115.423,92.6899,79.5071,66.7344,57.4771,48.6886,41.7749,33.3379,28.6507,24.1978,4.92159,0.644494,0.0585903,0.0585903,0.0585903,11386.6,7347.4,4877.4,3416.1,2324.39,1601.23,1154.71,843.261,612.6,474.718,382.817,310.278,258.916,219.429,185.675,162.744,135.951,114.19,92.1942,77.9205,64.1148,55.4569,48.6711,40.1887,31.9989,27.319,22.7561,5.1479,0.643488,0,0,0,11392.7,7352.63,4886.15,3419.97,2321.92,1604.85,1151.68,840.796,612.432,479.429,385.703,311.177,255.676,218.909,187.336,161.249,132.711,111.526,90.6334,76.627,64.0795,53.9249,46.2797,39.2764,32.3899,28.188,23.3441,4.5521,0.641963,0.0583602,0.0583602,0.0583602,11100.4,7198.17,4803.88,3362.53,2300.47,1582.04,1129,822.29,608.223,473.445,377.178,306.185,254.187,213.931,183.194,157.739,134.211,111.385,92.6172,77.113,65.6209,54.9674,44.6313,36.5392,29.6484,24.5483,21.0803,4.60139,0.884012,0.181336,0.181336,0.181336,32,298,34,46162.6,63010061,0,0,16,0,0,0,0,16,-1,0,303,0
63010062-2026-05-21-LPA3 NAVAIR.csv,LPA3 NAVAIR,LPA3 NAVAIR,63010062,1072,0,LPA3 NAVAIR #63010062 CALIBRATE,10865,76,180,1020,2204,3244,11420,18008,30374,60,300,750,200,500,11060,98.24,50,1779359702,1810895702,1,0,0,8,0,2147483648,0,0,0,30,0,1,30,150,40,20,100,90,50,50,50,40,20,40,20,0,76,122,180,244,322,416,516,630,758,888,1020,1160,1304,1448,1594,1760,1964,2204,2458,2698,3006,3244,3572,3932,4228,4602,5124,11420,18008,30374,30374,30374,4,5,6,7,8,9,10,11,12,13,14,15,16,17,18,19,20,21,22,23,24,25,26,27,28,29,30,38,50,70,70,70,1443077,588111,47076,12122,5515,143,23,11,1424740,580711,45733,12357,5636,179,23,5,1420326,578927,46206,12094,5600,185,59,0,1.42E+06,580231,45814.7,11873.6,5545.63,184.087,34.5164,4.43293,14430.8,8992.42,5881.12,4058.54,2792.29,1913.65,1375.67,1007.85,752.077,589.359,470.767,382.573,311.047,258.706,220.575,182.863,148.149,121.229,98.2664,82.4982,66.1305,55.1587,44.8464,36.9923,31.4165,25.2411,20.025,1.43892,0.23982,0.11991,0.11991,0.11991,14247.4,8850.12,5807.12,4002.89,2752.01,1886.53,1357.62,989.296,741.493,574.853,457.331,371.555,309.38,257.387,218.632,184.789,154.72,123.572,99.9719,82.8407,66.608,56.3652,44.8047,36.4787,30.309,24.379,17.9099,1.79698,0.239597,0.0598993,0.0598993,0.0598993,14203.3,8858.55,5789.27,3994.97,2748.6,1891.68,1354,996.689,742.39,576.595,462.067,374.883,308.505,261.494,218.681,186.122,151.284,120.943,99.5369,84.0068,65.6584,56.0045,46.0508,37.7761,32.3795,26.2634,19.7275,1.85882,0.59962,0,0,0,14152.7,8832.85,5802.31,4023.69,2753.25,1901.05,1368.92,999.364,742.562,575.733,458.147,369.9,302.133,252.775,213.541,178.795,146.579,118.736,96.7609,80.4231,65.1209,55.4563,45.1014,37.1626,31.1798,25.7722,19.6743,1.84087,0.345164,0.0443293,0.0443293,0.0443293,17,253,34,46163.5,63010062,0,0,16,0,0,0,0,16,-1,0,303,0
63010063-2026-05-22-LPA3 NAVAIR.csv,LPA3 NAVAIR,LPA3 NAVAIR,63010063,1072,0,LPA3 NAVAIR #63010063 CALIBRATE,10850,72,174,1000,2122,3042,9018,15954,24004,60,300,750,200,500,1974,-97.55,50,1779443292,1810979292,1,0,0,9,0,2147483648,0,0,0,30,0,1,30,150,40,20,100,90,50,50,50,40,20,40,20,0,72,116,174,236,314,404,502,612,740,868,1000,1136,1282,1414,1556,1728,1900,2122,2336,2578,2816,3042,3354,3698,4102,4466,4992,9018,15954,24004,24004,24004,4,5,6,7,8,9,10,11,12,13,14,15,16,17,18,19,20,21,22,23,24,25,26,27,28,29,30,38,50,70,70,70,1083253,457072,36217,10908,5622,401,40,17,1091030,459159,35445,10488,5453,401,58,5,1088871,460200,36201,10714,5560,425,64,5,1.09E+06,459103,36722.2,10859.7,5699.14,432.73,82.8632,13.8105,10832.5,6941.28,4570.73,3192.75,2161.35,1483.8,1059.92,779.648,575.568,451.001,362.175,296.166,246.456,208.62,179.632,150.935,129.689,109.083,92.843,76.4281,63.7386,56.2297,46.4506,37.4282,29.7447,24.5641,19.6746,4.0164,0.407461,0.174626,0.174626,0.174626,10910.3,6988.79,4591.6,3205.33,2173.11,1494.7,1064.76,767.808,568.639,441.525,354.454,290.256,239.853,205.571,175.888,148.999,127.871,104.881,90.4468,76.0707,63.9064,54.5358,44.7578,36.1438,29.7415,24.2705,18.6248,4.01598,0.582026,0.0582025,0.0582025,0.0582025,10888.7,6972.54,4602.01,3201.76,2176.1,1498.72,1068.28,780.045,582.472,452.852,362.014,294.7,242.468,208.521,180.337,152.038,129.969,107.143,91.1295,75.8733,64.7514,55.6094,46.7002,37.9658,31.0364,25.7375,20.1475,4.25077,0.640527,0.0582297,0.0582297,0.0582297,10861.2,6936.89,4591.03,3192.76,2177.87,1499.27,1073.77,786.924,584.692,456.898,367.222,300.195,248.083,210.703,180.734,152.514,130.832,108.597,92.4385,77.2929,66.1064,56.9914,47.0479,38.2552,30.9816,25.5034,20.4396,4.3273,0.828632,0.138105,0.138105,0.138105,37,280,35,46164.4,63010063,0,0,16,0,0,0,0,16,-1,0,303,0
63010064-2026-05-21-LPA3 NAVAIR.csv,LPA3 NAVAIR,LPA3 NAVAIR,63010064,1072,0,LPA3 NAVAIR #63010064 CALIBRATE,12114,68,170,998,2204,3288,12406,17410,29200,60,300,750,200,500,12328,98.26,50,1779359701,1810895701,1,0,0,8,0,2147483648,0,0,0,30,0,1,30,150,40,20,100,90,50,50,50,40,20,40,20,0,68,112,170,232,310,402,500,610,736,866,998,1138,1292,1440,1586,1758,1964,2204,2476,2730,3036,3288,3622,3982,4338,4736,5280,12406,17410,29200,29200,29200,4,5,6,7,8,9,10,11,12,13,14,15,16,17,18,19,20,21,22,23,24,25,26,27,28,29,30,38,50,70,70,70,1414027,572829,46964,12404,5775,201,54,0,1433146,582996,46839,12452,5869,176,54,18,1428440,581116,47798,12394,5776,152,67,6,1.42E+06,580231,45814.7,11873.6,5545.63,184.087,34.5164,4.43293,14140.3,8830.21,5728.29,4007.55,2741.99,1896.01,1365.14,1001.19,752.917,586.673,469.643,384.264,313.034,261.136,220.155,183.442,150.327,124.043,99.8319,83.1221,67.51,57.7525,46.7143,38.5423,31.4681,26.8333,20.9177,2.01249,0.548862,0,0,0,14331.5,8952.57,5829.96,4065.92,2788.02,1926.52,1385.4,1020,761.311,588.463,468.391,379.923,311.773,259.79,220.01,184.44,151.859,124.526,101.89,84.9901,68.7608,58.6938,46.4913,37.4615,30.9942,25.9302,19.707,1.76935,0.54911,0.183037,0.183037,0.183037,14284.4,8928.35,5811.16,4066.25,2799.02,1931.56,1400.94,1027.15,766.38,592.047,477.981,384.654,314.262,262.963,223.985,186.715,151.824,123.948,99.3048,82.2864,66.8539,57.7652,46.6635,37.5748,30.987,25.7412,20.0074,1.52495,0.670979,0.0609981,0.0609981,0.0609981,14152.7,8832.85,5802.31,4023.69,2753.25,1901.05,1368.92,999.364,742.562,575.733,458.147,369.9,302.133,252.775,213.541,178.795,146.579,118.736,96.7609,80.4231,65.1209,55.4563,45.1014,37.1626,31.1798,25.7722,19.6743,1.84087,0.345164,0.0443293,0.0443293,0.0443293,23,275,30,46163.5,63010064,0,0,16,0,0,0,0,16,-1,0,303,0
